company_lower,posting_count,avg_salary_gap_pct,avg_abs_salary_gap_pct,median_salary,median_predicted_salary,external_rating,external_review_count,external_rating_source,external_match_method
harnham - data & analytics recruitment,74,0.09428742477374735,0.18932413246276406,70000.0,66989.59272045628,5,100,google_places,api
jpmorganchase,37,0.01412110508659685,0.12096790879535209,62487.91,63082.252111240225,2.6,40,google_places,api
itonlinelearning recruitment,31,-0.20578273275909872,0.22717531661940615,35003.64,43806.74854954933,,,google_places,filtered
amazon,28,-0.1191897180760629,0.15362865661564365,55448.479999999996,63020.34514204612,3.7,86,google_places,api
anson mccade,25,0.0954032808816153,0.2790888847488028,75000.0,69797.69465822972,3.4,16,google_places,api
itol recruit,23,-0.16116866576912797,0.16116866576912797,40000.0,43201.216586784685,,,google_places,no_match
it career switch,20,-0.45231445334153,0.45231445334153,35000.0,62938.49815858397,,,google_places,filtered
newto training,19,-0.15670101881332213,0.2846805312282103,51500.0,62823.18824286216,,,google_places,filtered
mindrift,17,0.008373623402583262,0.10190240361303879,61169.46,60660.19464256092,,,google_places,no_match
blackrock,12,0.09920413813095419,0.12839972052546877,66401.39,63281.17201473274,4,7,google_places,api
government recruitment service,12,-0.07589953643297152,0.07589953643297152,32075.0,33034.07098258316,4.8,214,google_places,api
omnicom media group,11,-0.2236186426779333,0.2236186426779333,48128.58,63203.931509872236,4.5,120,google_places,api
harnham,10,0.12486876875867066,0.17290221194505592,76449.745,65925.44812905644,5,100,google_places,api
tenth revolution group,10,-0.06558399716035204,0.1596759747484601,55750.0,62938.49815858397,2.5,8,google_places,api
capco,9,0.027307086719261707,0.09116865813810777,64606.59,63082.252111240225,,,google_places,no_match
faculty ai,9,-0.07447240280831383,0.1548517507267467,56691.59,66543.15951664465,,,google_places,no_match
deliveroo,9,-0.1430052016001009,0.14926644490021612,60030.63,69146.43235302718,1.8,1046,google_places,api
wise,8,0.10429276882573309,0.1108021576343991,67044.19,63410.47502067726,4.9,138,google_places,api
tomoro,7,0.15106834069001968,0.15106834069001968,80000.0,73742.27291266415,,,google_places,no_match
addepar,7,0.032595592545869065,0.10759607799430783,55226.28,47770.40832296502,4.7,3,google_places,api
g-research,7,0.03008993026877063,0.2585334385641971,59696.37,72069.52295525286,4,33,google_places,api
barclays uk,7,0.0017407562720751185,0.124626384742155,51188.26,56727.32838203731,3.9,353,google_places,api
london stock exchange group,7,-0.08851723337919963,0.09000615333319431,54179.18,56136.26159986454,3.9,203,google_places,api
ge vernova,7,-0.155349703278905,0.17768867057830143,46819.27,57604.37858990733,3.4,31,google_places,api
data idols,6,0.3517382283633013,0.3517382283633013,90000.0,68998.52108718098,5,1,google_places,api
pontoon,6,0.1377882459167017,0.1377882459167017,50474.375,45331.96914999921,4.6,2681,google_places,api
preply,6,0.12223487137080445,0.14261707917999275,72706.01,66543.15951664465,,,google_places,no_match
barclays,6,0.06905909153963824,0.1812044468444031,61103.215,58986.86319614937,1.7,11,google_places,api
sr2 | socially responsible recruitment | certified b corporation™,6,0.0321405750597834,0.09523586918049727,76444.225,70498.96304442383,3.6,27,google_places,api
jacobs,6,0.013571641256288666,0.11500980612657047,65653.61,61159.17836905978,3.5,13,google_places,api
optima partners,6,-0.018419342070160622,0.2833667048703939,54112.74,64383.18357291913,1,1,google_places,api
national highways,6,-0.06785704877393815,0.06785704877393815,65000.0,69731.79372810201,,,google_places,no_match
adecco,6,-0.07296707665872282,0.13216935690184112,44364.985,49326.00877553767,4.7,19,google_places,api
amazon eu sarl,6,-0.10904821244135326,0.16908133507315445,53066.205,63594.1741634871,3.1,639,google_places,api
stantec,6,-0.1657745492695936,0.1657745492695936,51802.185,62877.53769610397,,,google_places,no_match
dunnhumby,6,-0.21199615792880086,0.21199615792880086,50630.365,65068.666840065875,4.4,129,google_places,api
eames consulting,5,0.113497392264031,0.20034891318997206,70815.38,61781.55827048816,2.2,35,google_places,api
amazon development centre  limited,5,0.024110364774933807,0.1332708404992329,68593.49,63594.1741634871,4.7,482,google_places,api
royal london group,5,0.020433732087883877,0.12479810667874458,58332.97,62938.49815858397,1.4,59,google_places,api
asos,5,-0.1050932562412242,0.13070497340062392,59824.14,70921.41507875994,3.9,85,google_places,api
mercor,5,-0.1584557801783679,0.1598784629287181,54429.17,63594.1741634871,1,1,google_places,api
randstad technologies recruitment,4,0.38993826549117705,0.38993826549117705,122200.0,92522.63359108813,4.1,158,google_places,api
circadia health,4,0.31300218116011175,0.31300218116011175,96404.91,70712.83181349389,,,google_places,no_match
anthropic,4,0.2718506268333624,0.46989008379720454,165000.0,116538.9015603479,3.4,65,google_places,api
robert walters,4,0.15942384913163793,0.41884210911632735,53846.740000000005,58516.50054429548,5,1,google_places,api
sword group,4,0.1473851067996399,0.21981591768050476,70326.47,62037.609334622466,4.7,27,google_places,api
eden smith group,4,0.13117284913179872,0.13117284913179872,73409.37,64818.27531615221,3.8,4,google_places,api
adria solutions ltd,4,0.1235703819735304,0.1235703819735304,73750.0,65638.96769017665,4.8,33,google_places,api
hays specialist recruitment limited,4,0.09504116470396724,0.22045033714089837,50000.0,53822.032490800964,1.5,2,google_places,api
dojo,4,0.06607546116571666,0.1842603763817212,63136.05,61203.79322241835,5,1,google_places,api
randstad technologies,4,0.05474951655126823,0.08579558853492776,122200.0,121218.35373582307,,,,
direct line group,4,0.012324390228202795,0.05886239157377027,48887.369999999995,48264.80245489205,,,,
zopa,4,0.008972671740647845,0.12345198776884712,56981.875,60792.44290247488,,,,
robert half,4,-0.025082227383895622,0.34469439187351825,40019.64,53613.59484353733,,,,
singular recruitment,4,-0.048578625561581726,0.19465836788537288,60511.07000000001,63664.36053453978,,,,
relay technologies,4,-0.06327950491264041,0.07985033277364477,52595.615,57759.98852120077,,,,
intapeople,4,-0.06407114525686947,0.06407114525686947,41000.0,43806.74854954933,,,,
hays,4,-0.07506821701139414,0.08868771046799018,41750.0,43998.33542179936,,,,
aecom,4,-0.08209401924645648,0.21178691200239275,52333.979999999996,60741.31714722142,,,,
spire,4,-0.0887960901240056,0.13776951635096513,53969.905,60690.391238565564,,,,
direct line insurance group,4,-0.09616673707461587,0.09616673707461587,51081.75,56167.121840307664,,,,
lendable,4,-0.23190438599920418,0.23190438599920418,40710.115,50659.16831236572,,,,
wordsmith ai,4,-0.2503006287008994,0.2503006287008994,47392.19,62938.49815858397,,,,
srg,4,-0.4308491453387222,0.4308491453387222,32249.045,56946.47226624256,,,,
platform recruitment,3,0.3671798222175195,0.3671798222175195,105000.0,75496.11622966565,,,,
ocho,3,0.36219248532809073,0.36219248532809073,100000.0,64993.67388098361,,,,
mcgregor boyall associates limited,3,0.3089763981975383,0.3089763981975383,76573.91,63219.29763859824,,,,
lorien,3,0.29944566410264123,0.4358644817812183,57148.65,62823.18824286216,,,,
digital waffle,3,0.2876525556855088,0.2876525556855088,84500.0,62938.49815858397,,,,
bloomberg,3,0.24682666850659896,0.24682666850659896,96984.41,73868.85287361215,,,,
adria solutions,3,0.21878821095433806,0.21878821095433806,80000.0,65638.96769017665,,,,
sanderson,3,0.1792570132239326,0.2902010880108132,182000.0,135991.11218008815,,,,
cure talent limited,3,0.14261394776969194,0.14261394776969194,75000.0,65638.96769017665,,,,
aig insurance,3,0.12213309384151487,0.12213309384151487,71469.82,65356.85252556982,,,,
policy expert,3,0.06384958851250137,0.10556669205645532,62531.91,57145.28356744774,,,,
morgan hunt recruitment,3,0.06269211023788614,0.4288480988291787,41500.0,56121.234782708474,,,,
zopa bank,3,0.012290065637996733,0.1497601546085031,51920.33,57220.907426132675,,,,
qbe,3,0.010279560406558917,0.031896033977915544,61201.61,58198.6152889535,,,,
worldpay,3,-0.024195641680480943,0.06036561345771957,42435.51,43806.74854954933,,,,
citi,3,-0.025273147850762873,0.05076118317784014,58809.43,62823.18824286216,,,,
vermelo rpo,3,-0.03817580811941946,0.125498905441749,49544.76,43806.74854954933,,,,
deeprec.ai,3,-0.039002665081109444,0.10251639416776949,69033.38,66543.15951664465,,,,
michael page technology,3,-0.04194584653127844,0.13619694794845774,50000.0,47607.68160473076,,,,
oxford knight,3,-0.047952604720908364,0.07762797887601025,66395.34,71719.99158763867,,,,
atominvest,3,-0.05912527750357475,0.14015009165151862,56811.25,54914.729485375414,,,,
james fisher and sons,3,-0.06526818725289674,0.09069832314382965,57206.84,62938.49815858397,,,,
kbr,3,-0.07322697064335303,0.07322697064335303,43610.53,44189.92229404939,,,,
tradinghub,3,-0.11484741162694834,0.11484741162694834,61592.27,71553.14445237716,,,,
natwest group,3,-0.12843151575464207,0.1356211454516328,45395.25,62938.49815858397,,,,
oscar technology,3,-0.137284753844811,0.2044379265033094,34000.0,41683.02670902196,,,,
hsbc,3,-0.14088261708532515,0.14088261708532515,50230.47,62823.18824286216,,,,
idfc first bank,3,-0.14992244491820103,0.14992244491820103,42603.14,47421.960106160295,,,,
teya,3,-0.1501494366712931,0.15952196558552595,44953.11,57514.535036078545,,,,
quorum network resources,3,-0.15163433999210554,0.1745027916294759,34295.32,45400.3830193354,,,,
checkout.com,3,-0.16322363455935981,0.16322363455935981,57217.96,63594.1741634871,,,,
speechify,3,-0.1759258462631427,0.1759258462631427,49309.59,61136.72051066097,,,,
relx inc,3,-0.19965432539438951,0.19965432539438951,47085.66,58198.6152889535,,,,
gsf car parts,3,-0.21165736262745471,0.21165736262745471,32285.39,40967.55671336402,,,,
fdm group,3,-0.2167158784172826,0.2167158784172826,45643.73,58198.6152889535,,,,
maxaccelerate,3,-0.21996639942642884,0.21996639942642884,47261.38,62938.49815858397,,,,
mistral ai,3,-0.2278476661437091,0.2278476661437091,48559.61,63594.1741634871,,,,
bae systems,3,-0.24791670144167643,0.24791670144167643,44802.45,58544.13613585888,,,,
microtech global ltd,3,-0.2871955867778846,0.2871955867778846,45375.73,64458.36221867677,,,,
nfp people,3,-0.39191893758075474,0.39191893758075474,45000.0,63306.856161701384,,,,
lj recruitment,3,-0.425798696139757,0.425798696139757,27500.0,47848.74736959886,,,,
g mass,3,-0.4678888700419346,0.4678888700419346,30000.0,62651.27988576482,,,,
lma recruitment,2,0.7849205510127,0.7849205510127,106860.475,59529.86647064622,,,,
rev & regs,2,0.5813713197733276,0.5813713197733276,82971.35,52705.96416168257,,,,
ameriprise,2,0.5655959465154771,0.5655959465154771,94999.78,59857.70447309779,,,,
bright purple resourcing,2,0.551258474670433,0.551258474670433,100000.0,64484.45957322445,,,,
access computer consulting,2,0.5093266589022231,0.5093266589022231,94250.0,62463.42514356911,,,,
cerberus capital management,2,0.46666025047984405,0.46666025047984405,76952.695,52705.96416168257,,,,
sharechat,2,0.45662337771054895,0.45662337771054895,92735.38500000001,63664.36053453978,,,,
flo health,2,0.41306824708186757,0.5869317529181324,91540.0,62370.887402799075,,,,
citi private bank,2,0.4055329175496536,0.4055329175496536,92503.785,65900.64254226697,,,,
develop,2,0.3969980994004132,0.3969980994004132,90000.0,64683.173879753405,,,,
referrals only,2,0.39202158922191677,0.39202158922191677,86500.0,62370.887402799075,,,,
createfuture,2,0.38984679582904214,0.38984679582904214,87474.87,62938.49815858397,,,,
daniel james resourcing ltd,2,0.37113673732363034,0.37113673732363034,90000.0,65638.96769017665,,,,
reed,2,0.36425596981989006,0.567424888557553,100750.0,78993.90530842345,,,,
randstad sourceright,2,0.34557545280469315,0.6544245471953068,93250.0,62938.49815858397,,,,
twentyai,2,0.34376123360697275,0.34376123360697275,97241.955,71960.91818843386,,,,
aubay uk,2,0.32883281166956246,0.32883281166956246,91378.75,68768.83931130607,,,,
astrazeneca,2,0.303573803829013,0.303573803829013,93663.725,71851.49373582048,,,,
trainline,2,0.2673245810472439,0.3007493930980596,72053.125,56367.54105281358,,,,
oscar associates  limited,2,0.25368819652171204,0.25368819652171204,70000.0,54919.024206912814,,,,
xodus group,2,0.23850626791836926,0.23850626791836926,75185.055,60741.31714722142,,,,
pipedrive,2,0.2369848501809133,0.2369848501809133,78665.03,63594.1741634871,,,,
maven,2,0.22071449019615647,0.22071449019615647,75344.19,61332.19714967656,,,,
accenture,2,0.2170068901758563,0.2170068901758563,79129.26999999999,64472.475989227845,,,,
saris ai,2,0.19820339570111606,0.19820339570111606,82529.91500000001,69020.27470313323,,,,
hyble,2,0.19813925032011923,0.24491837986282852,75409.085,62938.49815858397,,,,
method-resourcing,2,0.1916394924299763,0.1916394924299763,75000.0,62938.49815858397,,,,
exposed solutions,2,0.18892394437256033,0.18892394437256033,75000.0,63082.252111240225,,,,
filament,2,0.18083934312166433,0.23745933688161724,73227.17,62233.33598346661,,,,
mcgregor boyall,2,0.17533107817238824,0.17533107817238824,75587.95,64288.73292438031,,,,
recraft,2,0.17487308196141274,0.17487308196141274,79971.625,68731.51351854962,,,,
tech talent network,2,0.17102090696275984,0.17102090696275984,74552.61,63664.36053453978,,,,
avencia consulting services,2,0.17018415887732838,0.17018415887732838,61254.595,52752.860214073015,,,,
leidos innovations uk limited,2,0.15191817601564378,0.436934480557658,72500.0,62938.49815858397,,,,
searchability ns&d,2,0.1503793654497747,0.1970677715057937,72500.0,63010.3751349121,,,,
the economist group,2,0.14546781931204564,0.1981414204327339,72845.08,63594.1741634871,,,,
hillarys,2,0.13648450576661292,0.2800020415016473,57978.695,53372.62335406665,,,,
cme technology support services ltd,2,0.13454414321081365,0.13454414321081365,49700.69,43806.74854954933,,,,
clearwater analytics,2,0.12895297916016601,0.12895297916016601,71054.605,62938.49815858397,,,,
coherent,2,0.11977771110958885,0.11977771110958885,60402.86,53919.288796363624,,,,
trustpilot,2,0.10112500094621987,0.37911415858170605,54596.97,51257.47701973391,,,,
cleantech talent,2,0.08849214968366598,0.08849214968366598,68934.155,63329.951456272254,,,,
trg.recruitment,2,0.07558062637596084,0.07558062637596084,68476.44,63664.36053453978,,,,
fractile,2,0.07283356810201344,0.07283356810201344,79248.98499999999,73868.85287361215,,,,
kennedy pearce consulting,2,0.07153414274667039,0.07153414274667039,50000.0,46548.721045103,,,,
client server,2,0.07151383834507466,0.07151383834507466,65000.0,60741.31714722142,,,,
5v video,2,0.05760508912457091,0.05760508912457091,74525.6,70498.96304442383,,,,
monzo,2,0.052932720792650434,0.2620033392859719,70065.47,66543.15951664465,,,,
deepmirror,2,0.049688050657442084,0.14195144177253421,66363.38,63266.336161035535,,,,
s&p global,2,0.031537778377979546,0.031537778377979546,58194.67,56415.451978411314,,,,
franklin templeton,2,0.029906584216085774,0.0356964929245171,56005.69,54666.10870767166,,,,
ntt data,2,0.027581723398086445,0.06595637320819865,66960.625,65068.666840065875,,,,
seekr,2,0.024184975031777477,0.024184975031777477,65204.354999999996,63664.36053453978,,,,
markerstudy insurance services,2,0.020185965707257447,0.27670824633868424,56116.925,57275.11770127248,,,,
currys,2,0.017018528366619243,0.03633608661226806,61834.735,60896.3947262203,,,,
our future health,2,0.011509824086522898,0.02124440268612322,65000.0,64288.73292438031,,,,
latent labs,2,0.010957780765097638,0.12247293536488553,68970.575,67722.83394965378,,,,
clarenai,2,0.0074466373888647415,0.0074466373888647415,64138.715,63664.36053453978,,,,
akkodis,2,0.006536770002943809,0.11560840405391963,50000.0,50339.37470188842,,,,
macquarie group,2,0.004747915419977053,0.02611802017192115,61115.065,60896.3947262203,,,,
pmc treasury,2,-0.005417517725677765,0.06930597684719207,52183.73,52705.96416168257,,,,
blackhawk network,2,-0.007468676634597691,0.06358517767256294,48257.955,48950.62573977816,,,,
cathcart technology,2,-0.007664526611027133,0.023649728001808524,55000.0,55456.30312435774,,,,
just eat,2,-0.018335976794930653,0.07688689112092288,46625.68,47233.805035469275,,,,
wrisk,2,-0.020190524130984475,0.16475094252516642,63149.28,64232.919216175185,,,,
dsb recruitment consultancy ltd,2,-0.029476247005543587,0.029476247005543587,52500.0,54094.50293000699,,,,
hypercube consulting,2,-0.03424956397350831,0.07609703198389575,56539.024999999994,58544.13613585888,,,,
border to coast,2,-0.039023862901299854,0.039023862901299854,42097.240000000005,43806.74854954933,,,,
capital on tap,2,-0.0431490646292306,0.0431490646292306,51840.29,54164.37380825529,,,,
tria,2,-0.04690020011514016,0.04690020011514016,59986.67,62938.49815858397,,,,
unknown,2,-0.04990259471933238,0.09630141494109891,44515.91,47197.75987081244,,,,
inspired plc,2,-0.05540376734230632,0.05540376734230632,49355.95,52341.63706104127,,,,
baker hughes,2,-0.05689637438537357,0.05689637438537357,62757.095,66543.15951664465,,,,
block mb,2,-0.05890260800919174,0.05890260800919174,59914.615000000005,63664.36053453978,,,,
capital one,2,-0.05971661542417555,0.05971661542417555,53327.935,56705.97971746886,,,,
searchability  ltd,2,-0.06375781607223797,0.06375781607223797,55147.355,58914.52491779972,,,,
ageas insurance limited,2,-0.07676669137981336,0.15001903579639125,55500.0,59846.96933995515,,,,
markerstudy insurance,2,-0.08316634207880487,0.08316634207880487,45192.335,48950.62573977816,,,,
oryxsearch.io,2,-0.0850186015788525,0.0850186015788525,58251.95,63664.36053453978,,,,
saffron housing,2,-0.08790308975325553,0.17472193790741272,39956.0,43806.74854954933,,,,
air apps,2,-0.1000792013097084,0.16935953861209177,54500.0,59857.70447309779,,,,
durlston partners,2,-0.10063284448208326,0.10063284448208326,57257.875,63664.36053453978,,,,
event perfekt limited,2,-0.10064749244219338,0.10064749244219338,57193.58,63594.1741634871,,,,
starling,2,-0.10946150736373363,0.10946150736373363,56633.06,63594.1741634871,,,,
entrust,2,-0.11579809472208125,0.11579809472208125,56292.385,63664.36053453978,,,,
alphasights,2,-0.11746951272621765,0.11746951272621765,50235.634999999995,56864.1057900453,,,,
jack & jill,2,-0.1259952545792717,0.1259952545792717,55581.61,63594.1741634871,,,,
noir,2,-0.12613103888468405,0.12613103888468405,55000.0,62938.49815858397,,,,
edft,2,-0.12835050588163988,0.12835050588163988,47696.625,54719.95948123999,,,,
intercontinental exchange,2,-0.12865368854888792,0.12865368854888792,49650.095,56980.897660901705,,,,
lynx recruitment ltd,2,-0.13134484319970144,0.13134484319970144,48750.0,56121.234782708474,,,,
scott logic,2,-0.13157702344100763,0.13157702344100763,55809.09,64304.796192503316,,,,
onsera health,2,-0.1324971063828978,0.1324971063828978,63595.445,73310.70159340226,,,,
cognizant,2,-0.13670663432728758,0.13670663432728758,56020.21,64829.28343130004,,,,
cdp global,2,-0.14521241155394846,0.14521241155394846,42465.8,49679.944554646696,,,,
flawless,2,-0.14570585021439605,0.14570585021439605,60164.21000000001,70018.71164046174,,,,
zego,2,-0.14958208219558572,0.14958208219558572,47823.55,56315.507678961745,,,,
castle trust bank,2,-0.1575513443000557,0.1575513443000557,45216.51,53444.500330394774,,,,
intercom,2,-0.1582726097339916,0.1582726097339916,56011.2,66543.15951664465,,,,
office angels,2,-0.16478155948706133,0.16478155948706133,36502.149999999994,43696.620228460684,,,,
askbio,2,-0.16765387588367225,0.16765387588367225,52386.615,62938.49815858397,,,,
octopus energy group,2,-0.17250887271301962,0.17250887271301962,49758.06,59857.70447309779,,,,
agility,2,-0.17267623802922105,0.17267623802922105,36000.0,43550.818723365155,,,,
lexisnexis risk solutions,2,-0.18678516017899754,0.20124826187639466,50924.95,61332.19714967656,,,,
saragossa,2,-0.18729920643896306,0.18729920643896306,53816.604999999996,66222.58162167831,,,,
academics,2,-0.1916476520656622,0.1916476520656622,51406.5,63594.1741634871,,,,
unsworth,2,-0.20935120191880835,0.20935120191880835,38750.0,49963.9916661289,,,,
hastings insurance services,2,-0.22536809490541523,0.22536809490541523,51191.225,66066.62443662118,,,,
frontier resourcing ltd,2,-0.24645444180862983,0.24645444180862983,49418.880000000005,65583.15398197153,,,,
kleboe jardine ltd,2,-0.24705591636984733,0.24705591636984733,50861.605,67550.30832406846,,,,
pa consulting services ltd,2,-0.2862620696074402,0.2862620696074402,47220.405,66159.3044018671,,,,
sas,2,-0.28710943844822556,0.28710943844822556,41650.83,58425.27906294221,,,,
information tech consultants,2,-0.29787355531029086,0.29787355531029086,47105.785,67120.02074677884,,,,
vermelo,2,-0.32214526284051787,0.32214526284051787,47832.21,70444.85703898818,,,,
broadstone,2,-0.33313847691506693,0.33313847691506693,35000.0,52705.96416168257,,,,
evi technologies limited,2,-0.3499022162455464,0.3499022162455464,37572.635,57795.359311963824,,,,
sedex,2,-0.35129339498979073,0.35129339498979073,31302.055,48298.899339924596,,,,
上海衍复投资管理有限公司,2,-0.3681892634711288,0.3681892634711288,41771.715,66143.01310876501,,,,
kpmg,2,-0.3754748286852263,0.3754748286852263,35104.47,56209.856083297265,,,,
iqvia,2,-0.38582786059001606,0.38582786059001606,39057.77,63594.1741634871,,,,
lit8,2,-0.3911099955836837,0.3911099955836837,37125.31,61008.73000316,,,,
e-careers limited,2,-0.398303767698535,0.398303767698535,36500.0,60741.31714722142,,,,
great places housing association,2,-0.4079592946482468,0.4079592946482468,36777.5,62119.884101801974,,,,
quantum group,2,-0.47603737471898117,0.47603737471898117,27500.0,52705.96416168257,,,,
wpp media,2,-0.47647759503235565,0.47647759503235565,33292.975,63594.1741634871,,,,
roku,2,-0.5139655569124368,0.5139655569124368,27153.255,55866.93574123536,,,,
sodexo,2,-0.5214686264390086,0.5214686264390086,28769.52,60120.44682861984,,,,
costa coffee,2,-0.5285209701897934,0.5285209701897934,28329.0,60085.38706674571,,,,
zenergi,2,-0.547176992876609,0.547176992876609,28500.0,62938.49815858397,,,,
almedia,1,1.0,1.0,155000.0,71851.49373582048,,,,
cer financial ltd,1,1.0,1.0,140400.0,56121.234782708474,,,,
lingonova,1,1.0,1.0,184000.0,58198.6152889535,,,,
mufg,1,1.0,1.0,134397.55,63594.1741634871,,,,
permutive,1,1.0,1.0,192000.0,63594.1741634871,,,,
sellick partnership,1,1.0,1.0,123500.0,43806.74854954933,,,,
sr2 rec ltd,1,1.0,1.0,149500.0,63594.1741634871,,,,
talenttrade,1,1.0,1.0,142350.0,62823.18824286216,,,,
experis,1,0.9989774584717315,0.9989774584717315,126100.0,63082.252111240225,,,,
gocardless,1,0.8634522451399905,0.8634522451399905,124000.0,66543.15951664465,,,,
mitsubishi ufj financial group,1,0.8417701234533583,0.8417701234533583,117125.85,63594.1741634871,,,,
sf partners admin,1,0.8199121050993408,0.8199121050993408,117000.0,64288.81904360623,,,,
sf partners,1,0.7711072568943473,0.7711072568943473,117000.0,66060.36960469608,,,,
cmc markets,1,0.7702066499140952,0.7702066499140952,112574.83,63594.1741634871,,,,
waymo,1,0.7396993924662576,0.7396993924662576,125000.0,71851.49373582048,,,,
lawhive,1,0.728201678960475,0.728201678960475,115000.0,66543.15951664465,,,,
peninsula,1,0.7056116345975344,0.7056116345975344,74717.3,43806.74854954933,,,,
"cadence design systems, inc.",1,0.5979342307285642,0.5979342307285642,100801.29,63082.252111240225,,,,
rework recruitment,1,0.5963885847234289,0.5963885847234289,100474.3,62938.49815858397,,,,
identify solutions,1,0.595846575414347,0.595846575414347,80000.0,50130.13232755707,,,,
markit placements,1,0.5888526565733018,0.5888526565733018,100000.0,62938.49815858397,,,,
euphoric global,1,0.5724710842682108,0.5724710842682108,100000.0,63594.1741634871,,,,
via match limited,1,0.5724710842682108,0.5724710842682108,100000.0,63594.1741634871,,,,
russell taylor group ltd,1,0.5549055600980055,0.5549055600980055,100000.0,64312.587572004704,,,,
nlpatent,1,0.5234852636929226,0.5234852636929226,100000.0,65638.96769017665,,,,
platform recruitment limited,1,0.5234852636929226,0.5234852636929226,100000.0,65638.96769017665,,,,
gilead sciences,1,0.5205066799658323,0.5205066799658323,135216.48,88928.56689260878,,,,
global media group,1,0.5075640957536939,0.5075640957536939,118203.66,78407.05435539382,,,,
ravio,1,0.5027840686612827,0.5027840686612827,100000.0,66543.15951664465,,,,
deloitte - recruitment,1,0.4856015980770123,0.4856015980770123,80362.88,54094.50293000699,,,,
skyscanner,1,0.4769688302027229,0.4769688302027229,92958.2,62938.49815858397,,,,
dtg capital markets,1,0.4686733706802256,0.4686733706802256,114726.98,78116.06194429974,,,,
consilio,1,0.4576902592492278,0.4576902592492278,78853.03,54094.50293000699,,,,
efinancialcareers global,1,0.455421569387018,0.455421569387018,84703.52,58198.6152889535,,,,
wave recruitment,1,0.4388306465754,0.4388306465754,90557.84,62938.49815858397,,,,
capital one uk,1,0.43481291486272317,0.43481291486272317,90304.97,62938.49815858397,,,,
hillarys hr,1,0.42830710042833553,0.42830710042833553,62569.49,43806.74854954933,,,,
infinity quest uk,1,0.4274291469151719,0.4274291469151719,89675.65,62823.18824286216,,,,
richard wheeler associates,1,0.4122481282952135,0.4122481282952135,100000.0,70809.08658786071,,,,
wolters kluwer,1,0.408172229263989,0.408172229263989,89551.55,63594.1741634871,,,,
international data group,1,0.40196552864727386,0.40196552864727386,89156.84,63594.1741634871,,,,
mondrian alpha recruitment solutions,1,0.3964584204159497,0.3964584204159497,88806.62,63594.1741634871,,,,
pimco,1,0.39160462706110977,0.39160462706110977,78098.57,56121.234782708474,,,,
the telegraph,1,0.3902254194171035,0.3902254194171035,87498.7,62938.49815858397,,,,
pythian,1,0.3886836229083372,0.3886836229083372,97764.46,70400.81584259681,,,,
state street,1,0.37589529407474376,0.37589529407474376,63832.9,46393.719256759345,,,,
taptap send,1,0.3737009898959866,0.3737009898959866,87359.38,63594.1741634871,,,,
syndigo,1,0.3709123621817452,0.3709123621817452,91224.84,66543.15951664465,,,,
sage,1,0.3683631341127332,0.3683631341127332,101869.36,74446.14478455209,,,,
forvis mazars,1,0.3682448416772725,0.3682448416772725,76787.59,56121.234782708474,,,,
fruition group,1,0.3664903998984655,0.3664903998984655,80000.0,58544.13613585888,,,,
sanderson recruitment,1,0.3664903998984655,0.3664903998984655,80000.0,58544.13613585888,,,,
"softinway, inc.",1,0.36367318249531616,0.36367318249531616,105509.97,77371.88892057896,,,,
levi strauss,1,0.3624286352230458,0.3624286352230458,79291.46,58198.6152889535,,,,
pole star global,1,0.35381463981206296,0.35381463981206296,73233.93,54094.50293000699,,,,
m&g plc.,1,0.3505218250353036,0.3505218250353036,59161.97,43806.74854954933,,,,
lendinvest,1,0.33403972089647527,0.33403972089647527,84154.23,63082.252111240225,,,,
aig,1,0.3264841363427375,0.3264841363427375,71755.5,54094.50293000699,,,,
bip solutions,1,0.325706127423096,0.325706127423096,77612.32,58544.13613585888,,,,
martin veasey talent solutions,1,0.32104186848357713,0.32104186848357713,100000.0,75697.82789306286,,,,
nala,1,0.31075741869730283,0.31075741869730283,87221.94,66543.15951664465,,,,
rg setsquare,1,0.31042665369384925,0.31042665369384925,57500.0,43878.83887886299,,,,
the electric car scheme,1,0.30838710342856757,0.30838710342856757,70776.55,54094.50293000699,,,,
cohere,1,0.30827982621241834,0.30827982621241834,96641.13,73868.85287361215,,,,
helical,1,0.3063817730602718,0.3063817730602718,83078.27,63594.1741634871,,,,
birdie,1,0.30215583752529446,0.30215583752529446,89000.0,68348.19415250763,,,,
"gilead sciences, inc.",1,0.28396446709735584,0.28396446709735584,114181.12,88928.56689260878,,,,
markerstudy group,1,0.2824174264970837,0.2824174264970837,55522.12,43294.88889718099,,,,
loqus business intelligence,1,0.28066951212586,0.28066951212586,81443.12,63594.1741634871,,,,
quid,1,0.2734151550974402,0.2734151550974402,80000.0,62823.18824286216,,,,
bsi group,1,0.2732479123761102,0.2732479123761102,55868.64,43878.83887886299,,,,
n family club,1,0.2710821252586414,0.2710821252586414,80000.0,62938.49815858397,,,,
proactive appointments,1,0.27102331546569214,0.27102331546569214,90000.0,70809.08658786071,,,,
hfg,1,0.2680701035096767,0.2680701035096767,71165.66,56121.234782708474,,,,
tektora,1,0.2636931437200437,0.2636931437200437,90798.24,71851.49373582048,,,,
bdo llp,1,0.2612492074104047,0.2612492074104047,56198.13,44557.51462106837,,,,
gallagher re,1,0.26018346094686196,0.26018346094686196,55204.54,43806.74854954933,,,,
turner & townsend,1,0.25872087387699394,0.25872087387699394,68089.88,54094.50293000699,,,,
lovey,1,0.2568753425466611,0.2568753425466611,82500.0,65638.96769017665,,,,
forsyth barnes,1,0.2527735471270109,0.2527735471270109,55000.0,43902.58728413579,,,,
weekday,1,0.2516747178030386,0.2516747178030386,79599.22,63594.1741634871,,,,
logan sinclair,1,0.25131779925906395,0.25131779925906395,70225.5,56121.234782708474,,,,
aj bell,1,0.2510040965358239,0.2510040965358239,63286.76,50588.77119207556,,,,
fincroft,1,0.24729971232863385,0.24729971232863385,70000.0,56121.234782708474,,,,
dohop,1,0.24530698593838504,0.24530698593838504,54552.85,43806.74854954933,,,,
south pole,1,0.2440978461657286,0.2440978461657286,78301.65,62938.49815858397,,,,
lhh recruitment solutions,1,0.23517067246822296,0.23517067246822296,72312.0,58544.13613585888,,,,
stint,1,0.23467523620560918,0.23467523620560918,88713.26,71851.49373582048,,,,
taktile,1,0.2306732657428775,0.2306732657428775,78263.65,63594.1741634871,,,,
phoenix group,1,0.22135461911119217,0.22135461911119217,77045.8,63082.252111240225,,,,
project people,1,0.21455646760732697,0.21455646760732697,76442.36,62938.49815858397,,,,
gsm conference services,1,0.20941382626606575,0.20941382626606575,70386.21,58198.6152889535,,,,
bmt,1,0.20427154301945574,0.20427154301945574,91160.74,75697.82789306286,,,,
sage group plc,1,0.20322617456192754,0.20322617456192754,89575.55,74446.14478455209,,,,
barrows,1,0.20222725492902616,0.20222725492902616,80000.0,66543.15951664465,,,,
howden,1,0.1898326944968436,0.1898326944968436,66774.88,56121.234782708474,,,,
jla resourcing ltd,1,0.18892394437256035,0.18892394437256035,75000.0,63082.252111240225,,,,
covea insurance,1,0.18798887667127237,0.18798887667127237,52041.93,43806.74854954933,,,,
vintage cash cow & arcavindi,1,0.18608206979954053,0.18608206979954053,64160.52,54094.50293000699,,,,
infosecpeople,1,0.1858666009243097,0.1858666009243097,51948.96,43806.74854954933,,,,
micro it global,1,0.1851726996860699,0.1851726996860699,68975.41,58198.6152889535,,,,
bpm llp,1,0.18456979513497476,0.18456979513497476,83394.68,70400.81584259681,,,,
elliptic,1,0.18445515684088926,0.18445515684088926,68933.65,58198.6152889535,,,,
pearson whiffin recruitment ltd,1,0.180701079362015,0.180701079362015,77500.0,65638.96769017665,,,,
fnz,1,0.17956009728680994,0.17956009728680994,54724.18,46393.719256759345,,,,
circuit medical,1,0.17933906368430655,0.17933906368430655,74089.84,62823.18824286216,,,,
playstation global,1,0.1775568690483515,0.1775568690483515,84609.22,71851.49373582048,,,,
bupa,1,0.1749308001229202,0.1749308001229202,73948.38,62938.49815858397,,,,
rebel recruitment,1,0.1724492434595632,0.1724492434595632,83020.06,70809.08658786071,,,,
teneo,1,0.1717156638977589,0.1717156638977589,74514.29,63594.1741634871,,,,
cfc,1,0.16784047506159125,0.16784047506159125,63173.75,54094.50293000699,,,,
pikl,1,0.1652826512511444,0.1652826512511444,73341.14,62938.49815858397,,,,
harrison holgate,1,0.15982140923569305,0.15982140923569305,67500.0,58198.6152889535,,,,
djr,1,0.15290204375541028,0.15290204375541028,75675.3,65638.96769017665,,,,
mccabe & barton,1,0.15258120675594966,0.15258120675594966,73297.45,63594.1741634871,,,,
redtech recruitment ltd.,1,0.15191817601564375,0.15191817601564375,72500.0,62938.49815858397,,,,
goldman sachs,1,0.1519028841623337,0.1519028841623337,50461.12,43806.74854954933,,,,
barclay simpson,1,0.1513812953365228,0.1513812953365228,64616.94,56121.234782708474,,,,
blacklane,1,0.1485103153766448,0.1485103153766448,66841.71,58198.6152889535,,,,
wolverine worldwide,1,0.14794535348130147,0.14794535348130147,66808.83,58198.6152889535,,,,
verisian,1,0.14668695614367877,0.14668695614367877,72922.61,63594.1741634871,,,,
hire resolve.com,1,0.1447979720947589,0.1447979720947589,72500.0,63329.951456272254,,,,
atto,1,0.14456041839418196,0.14456041839418196,75000.0,65527.3402737664,,,,
morgan mckinley,1,0.14174534688859033,0.14174534688859033,73401.46,64288.81904360623,,,,
michael page,1,0.14137665212576894,0.14137665212576894,50000.0,43806.74854954933,,,,
9fin,1,0.1403988015247986,0.1403988015247986,72522.72,63594.1741634871,,,,
driver consult limited,1,0.14015593474529114,0.14015593474529114,72206.02,63329.951456272254,,,,
relationrx,1,0.136944908902765,0.136944908902765,81691.19,71851.49373582048,,,,
odu,1,0.13521220419918684,0.13521220419918684,71317.65,62823.18824286216,,,,
forge holiday group ltd,1,0.1297985026361708,0.1297985026361708,80000.0,70809.08658786071,,,,
technopride ltd,1,0.1286757150973622,0.1286757150973622,71777.2,63594.1741634871,,,,
alexander lloyd,1,0.1276801323002597,0.1276801323002597,49400.0,43806.74854954933,,,,
causalens,1,0.12671944360298798,0.12671944360298798,71076.0,63082.252111240225,,,,
signature recruitment,1,0.12579998123144606,0.12579998123144606,65520.0,58198.6152889535,,,,
hcc service co. uk branch,1,0.12411664968274348,0.12411664968274348,71487.27,63594.1741634871,,,,
jazz pharmaceuticals,1,0.12214165585798611,0.12214165585798611,71519.19,63734.546905592455,,,,
ntt,1,0.11223965879165712,0.11223965879165712,65115.11,58544.13613585888,,,,
ember,1,0.1121968596013112,0.1121968596013112,70000.0,62938.49815858397,,,,
amtrust international,1,0.11181574360373245,0.11181574360373245,60143.12,54094.50293000699,,,,
arcadis,1,0.10945672430978479,0.10945672430978479,69827.54,62938.49815858397,,,,
liberty global,1,0.10905662236738138,0.10905662236738138,70529.54,63594.1741634871,,,,
solirius reply,1,0.10808404900176162,0.10808404900176162,70467.69,63594.1741634871,,,,
opensourced ltd,1,0.10749965218118121,0.10749965218118121,80000.0,72234.78566556914,,,,
darwin recruitment,1,0.10587441263414787,0.10587441263414787,70327.17,63594.1741634871,,,,
stellar select limited,1,0.10475117377678998,0.10475117377678998,62000.0,56121.234782708474,,,,
emagine consulting,1,0.10088864293905464,0.10088864293905464,61783.23,56121.234782708474,,,,
limited,1,0.09707171950441439,0.09707171950441439,69767.37,63594.1741634871,,,,
akixi,1,0.09641490549193883,0.09641490549193883,68880.28,62823.18824286216,,,,
arcus fm,1,0.09406245075288927,0.09406245075288927,48006.19,43878.83887886299,,,,
efinancialcareers,1,0.0921302525528342,0.0921302525528342,78471.19,71851.49373582048,,,,
humand talent,1,0.09163458025313206,0.09163458025313206,59051.43,54094.50293000699,,,,
meteor mobile holdings inc.,1,0.089624896708065,0.089624896708065,68453.71,62823.18824286216,,,,
collinson,1,0.08849292570315978,0.08849292570315978,68508.11,62938.49815858397,,,,
celeros flow technology,1,0.08688289211984124,0.08688289211984124,63630.62,58544.13613585888,,,,
ultima,1,0.08677839480145148,0.08677839480145148,68400.2,62938.49815858397,,,,
european bank for reconstruction & development,1,0.08545027984254347,0.08545027984254347,60916.81,56121.234782708474,,,,
abound,1,0.08506197159831592,0.08506197159831592,69003.62,63594.1741634871,,,,
ams cws,1,0.0842383582487032,0.0842383582487032,50301.85,46393.719256759345,,,,
blink - the employee app,1,0.083904790127403,0.083904790127403,68930.03,63594.1741634871,,,,
sthree,1,0.08327711147756463,0.08327711147756463,66228.01,61136.72051066097,,,,
charlotte tilbury,1,0.08224619259857613,0.08224619259857613,68114.95,62938.49815858397,,,,
tjx uk,1,0.08102703292540356,0.08102703292540356,58477.62,54094.50293000699,,,,
citigroup,1,0.07894301486810319,0.07894301486810319,68614.49,63594.1741634871,,,,
virtusa,1,0.07875994443107895,0.07875994443107895,54573.14,50588.77119207556,,,,
axis,1,0.07696828542736243,0.07696828542736243,60440.79,56121.234782708474,,,,
avanade,1,0.07446844107411844,0.07446844107411844,67625.43,62938.49815858397,,,,
liberis,1,0.07322602991903009,0.07322602991903009,60230.77,56121.234782708474,,,,
pharmacy2u,1,0.07247554318697866,0.07247554318697866,67500.0,62938.49815858397,,,,
caspian one,1,0.07233506451122215,0.07233506451122215,62778.93,58544.13613585888,,,,
gopuff eu,1,0.07060698912438067,0.07060698912438067,67536.3,63082.252111240225,,,,
high finance  limited t/a hfg,1,0.06911403913882902,0.06911403913882902,60000.0,56121.234782708474,,,,
next employment,1,0.06911403913882902,0.06911403913882902,60000.0,56121.234782708474,,,,
selby jennings london,1,0.06074486367033251,0.06074486367033251,52284.85,49290.69354065667,,,,
bdo recruitment,1,0.060426062085440484,0.060426062085440484,59512.42,56121.234782708474,,,,
scale ai,1,0.05890218539332153,0.05890218539332153,67340.01,63594.1741634871,,,,
mcs group,1,0.05805223668622042,0.05805223668622042,70000.0,66159.3044018671,,,,
hampshire trust bank,1,0.05104351727795816,0.05104351727795816,58985.86,56121.234782708474,,,,
lemfi,1,0.04932794561648674,0.04932794561648674,58889.58,56121.234782708474,,,,
the aa,1,0.045388191028372445,0.045388191028372445,45870.42,43878.83887886299,,,,
graphcore,1,0.04317913296456258,0.04317913296456258,80712.74,77371.88892057896,,,,
engelhart,1,0.04150278660504414,0.04150278660504414,60614.02,58198.6152889535,,,,
warner music group,1,0.04060915752870412,0.04060915752870412,66176.68,63594.1741634871,,,,
crown agents bank,1,0.03557878270181497,0.03557878270181497,58117.96,56121.234782708474,,,,
xero,1,0.034663792274614705,0.034663792274614705,60216.0,58198.6152889535,,,,
eka finance,1,0.0331909072474941,0.0331909072474941,74236.31,71851.49373582048,,,,
ims,1,0.032838093340139186,0.032838093340139186,68728.31,66543.15951664465,,,,
perk,1,0.030983904774790197,0.030983904774790197,65564.57,63594.1741634871,,,,
ips group,1,0.030952363765060484,0.030952363765060484,60000.0,58198.6152889535,,,,
lloyds bank,1,0.03070222653586809,0.03070222653586809,64752.0,62823.18824286216,,,,
broadgate search,1,0.027238986913192046,0.027238986913192046,45000.0,43806.74854954933,,,,
ft recruitment group,1,0.027238986913192046,0.027238986913192046,45000.0,43806.74854954933,,,,
slr consulting,1,0.025557359779431705,0.025557359779431705,64547.04,62938.49815858397,,,,
kennedypearce consulting,1,0.025551294195186394,0.025551294195186394,45000.0,43878.83887886299,,,,
nigel wright group,1,0.025551294195186394,0.025551294195186394,45000.0,43878.83887886299,,,,
euphoric,1,0.024695845603062296,0.024695845603062296,64374.66,62823.18824286216,,,,
deepl,1,0.02213691826560911,0.02213691826560911,68016.22,66543.15951664465,,,,
formula.,1,0.021020291934767864,0.021020291934767864,64143.75,62823.18824286216,,,,
super technologies,1,0.018769689825027535,0.018769689825027535,64002.36,62823.18824286216,,,,
inworld ai,1,0.0166329628909594,0.0166329628909594,71571.79,70400.81584259681,,,,
southernwaterservices,1,0.008448124028135029,0.008448124028135029,54551.5,54094.50293000699,,,,
isomorphic labs,1,0.005265511203149774,0.005265511203149774,63929.03,63594.1741634871,,,,
european tech recruit,1,-0.0004461205685783077,0.0004461205685783077,62910.42,62938.49815858397,,,,
sharpsmart,1,-0.004662262238392723,0.004662262238392723,43602.51,43806.74854954933,,,,
parker b associates,1,-0.0051082880147138065,0.0051082880147138065,57901.32,58198.6152889535,,,,
avenue scotland,1,-0.005159674183389153,0.005159674183389153,43580.72,43806.74854954933,,,,
surgo health,1,-0.006271423686581228,0.006271423686581228,73405.59,73868.85287361215,,,,
maxwell bond,1,-0.00669033609511247,0.00669033609511247,70335.35,70809.08658786071,,,,
cornwall council,1,-0.007692388974456334,0.007692388974456334,43469.77,43806.74854954933,,,,
microsoft,1,-0.007802027508813195,0.007802027508813195,62333.04,62823.18824286216,,,,
peak 21,1,-0.007921329322665682,0.007921329322665682,55676.68,56121.234782708474,,,,
paysafe group,1,-0.00841724367143417,0.00841724367143417,43509.5,43878.83887886299,,,,
datahead,1,-0.008907444746388925,0.008907444746388925,65950.43,66543.15951664465,,,,
environmental standards scotland,1,-0.013147726475756568,0.013147726475756568,62111.0,62938.49815858397,,,,
forter,1,-0.01345366711090288,0.01345366711090288,65647.91,66543.15951664465,,,,
premium site,1,-0.013513181624967284,0.013513181624967284,43214.78,43806.74854954933,,,,
altery,1,-0.013707900481819914,0.013707900481819914,43206.25,43806.74854954933,,,,
60x.ai,1,-0.01707411374972339,0.01707411374972339,62508.36,63594.1741634871,,,,
clyde & co,1,-0.018049393254462056,0.018049393254462056,57487.45,58544.13613585888,,,,
profectus recruitment,1,-0.0199787974560734,0.0199787974560734,55000.0,56121.234782708474,,,,
mars,1,-0.0202913669049758,0.0202913669049758,61661.39,62938.49815858397,,,,
shell,1,-0.022763661342356876,0.022763661342356876,54843.71,56121.234782708474,,,,
sopra steria,1,-0.023199531690295497,0.023199531690295497,64068.43,65590.0893565977,,,,
anyvan,1,-0.023597228059521337,0.023597228059521337,64090.07,65638.96769017665,,,,
clearscore technology limited,1,-0.02497896896868686,0.02497896896868686,64880.98,66543.15951664465,,,,
epam systems,1,-0.026577185500389955,0.026577185500389955,61904.02,63594.1741634871,,,,
focus group,1,-0.0298298456930964,0.0298298456930964,42500.0,43806.74854954933,,,,
arnold clark,1,-0.03213317019660398,0.03213317019660398,42769.96,44189.92229404939,,,,
ic resources,1,-0.0372259924418598,0.0372259924418598,63088.02,65527.3402737664,,,,
squaretrade,1,-0.03831737898211118,0.03831737898211118,61825.44,64288.81904360623,,,,
the big phone store,1,-0.03875938648036672,0.03875938648036672,42000.0,43693.53459402301,,,,
talent international uk ltd,1,-0.04493863367691986,0.04493863367691986,60000.0,62823.18824286216,,,,
kantar,1,-0.04656300666706025,0.04656300666706025,62582.62,65638.96769017665,,,,
whiteshield,1,-0.04685121243696839,0.04685121243696839,60614.71,63594.1741634871,,,,
oliver james associates,1,-0.05176780806998935,0.05176780806998935,44858.12,47307.10513919253,,,,
qodea,1,-0.052814577695578256,0.052814577695578256,55124.88,58198.6152889535,,,,
live nation,1,-0.052942808170315,0.052942808170315,60227.32,63594.1741634871,,,,
usertesting,1,-0.053916573446567896,0.053916573446567896,59545.07,62938.49815858397,,,,
ribbons and reeves limited,1,-0.056517349439073494,0.056517349439073494,60000.0,63594.1741634871,,,,
experis uk,1,-0.05735612167751783,0.05735612167751783,59328.59,62938.49815858397,,,,
hanley wood media inc,1,-0.05764640505787372,0.05764640505787372,59310.32,62938.49815858397,,,,
robert half limited,1,-0.05771487544660674,0.05771487544660674,69081.06,73312.26844182832,,,,
dc thomson,1,-0.05914272210434107,0.05914272210434107,41576.41,44189.92229404939,,,,
frasers group financial services,1,-0.06246226072803291,0.06246226072803291,41070.48,43806.74854954933,,,,
relx,1,-0.06592185702902535,0.06592185702902535,63279.21,67745.09228824373,,,,
betway group,1,-0.06678096173064371,0.06678096173064371,50482.02,54094.50293000699,,,,
ifs,1,-0.06825222939964182,0.06825222939964182,59253.73,63594.1741634871,,,,
latham & watkins llp,1,-0.06833463514848179,0.06833463514848179,40902.52,43902.58728413579,,,,
informed solutions,1,-0.06892472336754502,0.06892472336754502,61114.82,65638.96769017665,,,,
vrs-uk,1,-0.07067398914731722,0.07067398914731722,61000.0,65638.96769017665,,,,
zoopla,1,-0.07162794119284988,0.07162794119284988,61776.81,66543.15951664465,,,,
moneybox,1,-0.07304686991047984,0.07304686991047984,61682.39,66543.15951664465,,,,
talent finder,1,-0.07569166381480341,0.07569166381480341,50000.0,54094.50293000699,,,,
made tech,1,-0.08073414230948774,0.08073414230948774,53500.0,58198.6152889535,,,,
record currency management,1,-0.08250165557895127,0.08250165557895127,51491.14,56121.234782708474,,,,
smarter grid solutions,1,-0.08326126210471695,0.08326126210471695,56046.4,61136.72051066097,,,,
universal music,1,-0.08357878684747172,0.08357878684747172,49573.35,54094.50293000699,,,,
acis group,1,-0.08689867829938484,0.08689867829938484,40000.0,43806.74854954933,,,,
arkle finance,1,-0.08689867829938484,0.08689867829938484,40000.0,43806.74854954933,,,,
h&t pawnbrokers,1,-0.08689867829938484,0.08689867829938484,40000.0,43806.74854954933,,,,
inploi,1,-0.09336290183258701,0.09336290183258701,57192.71,63082.252111240225,,,,
kingsgate recruitment ltd,1,-0.09535631591754604,0.09535631591754604,65000.0,71851.49373582048,,,,
ambition europe limited,1,-0.09639443614621399,0.09639443614621399,50711.46,56121.234782708474,,,,
pacific life re,1,-0.09698882457818352,0.09698882457818352,52554.0,58198.6152889535,,,,
deel,1,-0.09742610036283177,0.09742610036283177,56702.57,62823.18824286216,,,,
trp recruitment limited,1,-0.09791668170557208,0.09791668170557208,52500.0,58198.6152889535,,,,
draftkings,1,-0.09879797659743209,0.09879797659743209,59968.83,66543.15951664465,,,,
gousto,1,-0.09953088072525461,0.09953088072525461,57264.59,63594.1741634871,,,,
mpb,1,-0.09955149997209017,0.09955149997209017,59104.51,65638.96769017665,,,,
google,1,-0.10054197963243901,0.10054197963243901,57200.29,63594.1741634871,,,,
elsevier,1,-0.10167862688095082,0.10167862688095082,52281.06,58198.6152889535,,,,
simmons & simmons,1,-0.10331267368291966,0.10331267368291966,57024.09,63594.1741634871,,,,
prudential uk services,1,-0.10416184644524047,0.10416184644524047,50827.9,56737.81564037065,,,,
itv,1,-0.10416562763314004,0.10416562763314004,52136.32,58198.6152889535,,,,
the celtic collection,1,-0.10659815448908437,0.10659815448908437,39137.03,43806.74854954933,,,,
the supply register ltd,1,-0.10667917702722941,0.10667917702722941,56810.0,63594.1741634871,,,,
flagstone group,1,-0.10989692460696741,0.10989692460696741,56605.37,63594.1741634871,,,,
what,1,-0.11765392446566254,0.11765392446566254,56112.07,63594.1741634871,,,,
kroo bank ltd,1,-0.1193923264278025,0.1193923264278025,49420.79,56121.234782708474,,,,
seven investment management,1,-0.11947626120522097,0.11947626120522097,55996.18,63594.1741634871,,,,
transperfect,1,-0.1219073015014996,0.1219073015014996,55841.58,63594.1741634871,,,,
rl people,1,-0.12225149373980608,0.12225149373980608,49260.33,56121.234782708474,,,,
viasat,1,-0.1255941193257314,0.1255941193257314,58185.73,66543.15951664465,,,,
datatonic,1,-0.12561066258419404,0.12561066258419404,62826.18,71851.49373582048,,,,
tesco,1,-0.1257449476891367,0.1257449476891367,55024.3,62938.49815858397,,,,
adaptable recruitment,1,-0.12613103888468405,0.12613103888468405,55000.0,62938.49815858397,,,,
bip solutions ltd,1,-0.12613103888468405,0.12613103888468405,55000.0,62938.49815858397,,,,
jobsined ltd,1,-0.12613103888468405,0.12613103888468405,55000.0,62938.49815858397,,,,
nms recruit ltd t/a russell taylor group,1,-0.1275078158350189,0.1275078158350189,56112.23,64312.587572004704,,,,
hays technology,1,-0.1287606313536242,0.1287606313536242,38500.0,44189.92229404939,,,,
intercontinental exchange holdings,1,-0.1302482069602142,0.1302482069602142,50618.35,58198.6152889535,,,,
baillie gifford & co,1,-0.13061541662259651,0.13061541662259651,54717.76,62938.49815858397,,,,
discovered mena,1,-0.13227085128411964,0.13227085128411964,61088.84,70400.81584259681,,,,
"wellington management company, llp",1,-0.13240219698440966,0.13240219698440966,48690.66,56121.234782708474,,,,
systematica investments,1,-0.1332285262611523,0.1332285262611523,37970.44,43806.74854954933,,,,
carbon 60,1,-0.13407530216755056,0.13407530216755056,54500.0,62938.49815858397,,,,
united infrastructure,1,-0.13503576359844907,0.13503576359844907,54439.55,62938.49815858397,,,,
clearbank,1,-0.13524710944255816,0.13524710944255816,48531.0,56121.234782708474,,,,
the supply register,1,-0.1381535681399628,0.1381535681399628,56810.0,65916.61565203982,,,,
trafigura,1,-0.13954539515951928,0.13954539515951928,54719.9,63594.1741634871,,,,
border to coast pensions partnership,1,-0.1396480857843352,0.1396480857843352,40959.36,47607.68160473076,,,,
wsp,1,-0.14123641997599207,0.14123641997599207,54049.29,62938.49815858397,,,,
forward role,1,-0.14132278548567487,0.14132278548567487,65000.0,75697.82789306286,,,,
northell,1,-0.14211905858314103,0.14211905858314103,54556.23,63594.1741634871,,,,
kenneth brian associates limited,1,-0.14438537335709808,0.14438537335709808,37293.24,43586.491907372045,,,,
vortexa,1,-0.14582095919040164,0.14582095919040164,61374.04,71851.49373582048,,,,
parleyx,1,-0.14624132048028934,0.14624132048028934,56811.8,66543.15951664465,,,,
bjak,1,-0.14817558821130852,0.14817558821130852,54171.07,63594.1741634871,,,,
heriot-watt university,1,-0.1490959974122632,0.1490959974122632,53554.62,62938.49815858397,,,,
affinity water limited,1,-0.1526511230228719,0.1526511230228719,60000.0,70809.08658786071,,,,
oneadvanced,1,-0.15277705124701224,0.15277705124701224,53322.94,62938.49815858397,,,,
michael page finance,1,-0.15361805234842701,0.15361805234842701,47500.0,56121.234782708474,,,,
ocado group,1,-0.15385521810526623,0.15385521810526623,55540.07,65638.96769017665,,,,
oliver james,1,-0.15398588513590472,0.15398588513590472,49236.85,58198.6152889535,,,,
kriya,1,-0.1543300871163378,0.1543300871163378,54367.12,64288.81904360623,,,,
quilter,1,-0.1549416191405321,0.1549416191405321,37019.26,43806.74854954933,,,,
"appgate cybersecurity, inc.",1,-0.15507357066246427,0.15507357066246427,55418.8,65590.0893565977,,,,
king's college london,1,-0.1556382292616284,0.1556382292616284,56186.5,66543.15951664465,,,,
lowell,1,-0.15607566320908195,0.15607566320908195,37030.42,43878.83887886299,,,,
bolton associates,1,-0.15839111945735243,0.15839111945735243,37500.0,44557.51462106837,,,,
techire ai,1,-0.15983522205279097,0.15983522205279097,52781.83,62823.18824286216,,,,
resillion,1,-0.1602808974720433,0.1602808974720433,53179.37,63329.951456272254,,,,
advertising standard authority,1,-0.1658523552990166,0.1658523552990166,52500.0,62938.49815858397,,,,
dxc,1,-0.16619514747247432,0.16619514747247432,59040.96,70809.08658786071,,,,
oodle finance,1,-0.16777864598249398,0.16777864598249398,46705.29,56121.234782708474,,,,
cameron clarke associates,1,-0.16812249743332308,0.16812249743332308,45000.0,54094.50293000699,,,,
quarriers,1,-0.1709525723266169,0.1709525723266169,52179.0,62938.49815858397,,,,
siemens,1,-0.17532297469976926,0.17532297469976926,51808.84,62823.18824286216,,,,
leonardo,1,-0.1778305058953058,0.1778305058953058,52285.19,63594.1741634871,,,,
similarweb,1,-0.18021122711688792,0.18021122711688792,52133.79,63594.1741634871,,,,
lloyd recruitment services ltd,1,-0.18150467177272386,0.18150467177272386,35675.34,43586.491907372045,,,,
chip,1,-0.18356048012595547,0.18356048012595547,44164.89,54094.50293000699,,,,
stantec uk,1,-0.1843288844408103,0.1843288844408103,53539.81,65638.96769017665,,,,
transperfect translations ltd,1,-0.1892102084518672,0.1892102084518672,51675.32,63734.546905592455,,,,
humanoid,1,-0.19000217720486492,0.19000217720486492,59833.61,73868.85287361215,,,,
matalan,1,-0.19625123358177823,0.19625123358177823,43478.39,54094.50293000699,,,,
icaew,1,-0.19816447064587825,0.19816447064587825,45000.0,56121.234782708474,,,,
live nation worldwide,1,-0.19867760992420666,0.19867760992420666,52820.46,65916.61565203982,,,,
dayshape,1,-0.19880770712407264,0.19880770712407264,52500.0,65527.3402737664,,,,
ncr atleos,1,-0.20123357339744907,0.20123357339744907,34991.36,43806.74854954933,,,,
comind,1,-0.201645512688473,0.201645512688473,53125.03,66543.15951664465,,,,
gov facility services ltd (gfsl,1,-0.2023489934037439,0.2023489934037439,35000.0,43878.83887886299,,,,
center for countering digital hate,1,-0.20411552806409988,0.20411552806409988,50000.0,62823.18824286216,,,,
audible limited  - b14,1,-0.2046631030983448,0.2046631030983448,52924.23,66543.15951664465,,,,
epoch biodesign limited,1,-0.20694731539599892,0.20694731539599892,56982.02,71851.49373582048,,,,
harvey nash,1,-0.2125056769687128,0.2125056769687128,49563.71,62938.49815858397,,,,
glasgow kelvin college,1,-0.2126282315785042,0.2126282315785042,46096.0,58544.13613585888,,,,
shure incorporated,1,-0.21359930211508968,0.21359930211508968,51618.53,65638.96769017665,,,,
fuse energy,1,-0.21797364846426373,0.21797364846426373,49732.32,63594.1741634871,,,,
octopus energy limited,1,-0.21935894372911274,0.21935894372911274,43810.54,56121.234782708474,,,,
homerun carpet fitters,1,-0.22757456194999356,0.22757456194999356,45220.98,58544.13613585888,,,,
description chubb,1,-0.22902428480019224,0.22902428480019224,51303.16,66543.15951664465,,,,
wtw,1,-0.22968641740003692,0.22968641740003692,48482.38,62938.49815858397,,,,
amazon digital uk limited,1,-0.23020149810975024,0.23020149810975024,48954.7,63594.1741634871,,,,
rx,1,-0.23128843509654876,0.23128843509654876,41583.07,54094.50293000699,,,,
interdigital,1,-0.23301664120413002,0.23301664120413002,55108.9,71851.49373582048,,,,
capi money,1,-0.23309138546841832,0.23309138546841832,48770.92,63594.1741634871,,,,
cross resourcing,1,-0.23374175277355896,0.23374175277355896,35549.57,46393.719256759345,,,,
nasstar,1,-0.23423773398528108,0.23423773398528108,48779.8,63700.97113019982,,,,
peaple talent,1,-0.2358546795441686,0.2358546795441686,50157.71,65638.96769017665,,,,
rockstar north,1,-0.23678096228216797,0.23678096228216797,48035.86,62938.49815858397,,,,
ig group,1,-0.23874444243470033,0.23874444243470033,50656.35,66543.15951664465,,,,
cer financial,1,-0.2426966340894742,0.2426966340894742,42500.8,56121.234782708474,,,,
aegon uk,1,-0.243064043301981,0.243064043301981,49600.0,65527.3402737664,,,,
aviva,1,-0.244360107224554,0.244360107224554,47558.84,62938.49815858397,,,,
viridien,1,-0.24521570438011872,0.24521570438011872,47504.99,62938.49815858397,,,,
reka,1,-0.24622800395074976,0.24622800395074976,47354.36,62823.18824286216,,,,
stackadapt,1,-0.24649597127291,0.24649597127291,54140.39,71851.49373582048,,,,
lightsource bp,1,-0.2483636963801564,0.2483636963801564,47799.69,63594.1741634871,,,,
warner hotels,1,-0.2491881882010248,0.2491881882010248,47362.9,63082.252111240225,,,,
lgt bank,1,-0.24993338414164676,0.24993338414164676,34798.38,46393.719256759345,,,,
krotos,1,-0.2513870845213775,0.2513870845213775,52702.96,70400.81584259681,,,,
more in common,1,-0.2516201726028197,0.2516201726028197,42000.0,56121.234782708474,,,,
university of strathclyde,1,-0.25171267448829615,0.25171267448829615,47389.0,63329.951456272254,,,,
yourcode,1,-0.25427000565760094,0.25427000565760094,52500.0,70400.81584259681,,,,
lloyd recruitment - epsom,1,-0.2542740312477248,0.2542740312477248,32667.83,43806.74854954933,,,,
depop,1,-0.25484819846816487,0.25484819846816487,53540.27,71851.49373582048,,,,
nevis wealth,1,-0.25562332363489754,0.25562332363489754,47338.02,63594.1741634871,,,,
celonis,1,-0.25723510649627246,0.25723510649627246,47235.52,63594.1741634871,,,,
jackson hogg,1,-0.2581051761182502,0.2581051761182502,32500.0,43806.74854954933,,,,
denholm associates,1,-0.2611835146934147,0.2611835146934147,46500.0,62938.49815858397,,,,
olive jar digital,1,-0.2627112430621315,0.2627112430621315,51905.73,70400.81584259681,,,,
ulster university,1,-0.26362735870093107,0.26362735870093107,46829.01,63594.1741634871,,,,
sylvera,1,-0.2718446208459915,0.2718446208459915,46306.44,63594.1741634871,,,,
swift,1,-0.27967014692947306,0.27967014692947306,41922.2,58198.6152889535,,,,
zora ecosystems,1,-0.2810967639235135,0.2810967639235135,45246.69,62938.49815858397,,,,
black tree gaming limited,1,-0.28370397525768987,0.28370397525768987,45000.0,62823.18824286216,,,,
zeal group,1,-0.2847832843269868,0.2847832843269868,47592.78,66543.15951664465,,,,
syngenta crop protection,1,-0.2848509049804649,0.2848509049804649,45010.41,62938.49815858397,,,,
university of edinburgh,1,-0.285921950556261,0.285921950556261,44943.0,62938.49815858397,,,,
raycon,1,-0.2881763055272012,0.2881763055272012,45267.84,63594.1741634871,,,,
duffel,1,-0.28877812196145564,0.28877812196145564,39914.65,56121.234782708474,,,,
homerun builder,1,-0.2896328694048825,0.2896328694048825,41587.83,58544.13613585888,,,,
turnitin,1,-0.29238995313386473,0.29238995313386473,52678.84,74446.14478455209,,,,
securitas uk,1,-0.2970901491397284,0.2970901491397284,41151.25,58544.13613585888,,,,
salesforce,1,-0.30011104656258,0.30011104656258,44508.86,63594.1741634871,,,,
opus 2,1,-0.3048769627491805,0.3048769627491805,43750.0,62938.49815858397,,,,
arnold clark.,1,-0.30777525001043454,0.30777525001043454,40525.7,58544.13613585888,,,,
homerun painter & decorator,1,-0.3114406896968621,0.3114406896968621,40311.11,58544.13613585888,,,,
b&m retail uk,1,-0.31343911621330744,0.31343911621330744,30076.0,43806.74854954933,,,,
ceox,1,-0.31872541563632706,0.31872541563632706,36853.21,54094.50293000699,,,,
all response media,1,-0.3255262915123105,0.3255262915123105,36485.32,54094.50293000699,,,,
homerun electrician,1,-0.33256492316629244,0.33256492316629244,39074.41,58544.13613585888,,,,
"toyota financial services, kinto and kinto join",1,-0.33595916238574014,0.33595916238574014,29089.47,43806.74854954933,,,,
frasers group,1,-0.3401452753950766,0.3401452753950766,28906.09,43806.74854954933,,,,
bayswater education,1,-0.34501392301847267,0.34501392301847267,41223.84,62938.49815858397,,,,
viooh,1,-0.3468835699757042,0.3468835699757042,41534.4,63594.1741634871,,,,
creditsafe,1,-0.3477491328667635,0.3477491328667635,41051.69,62938.49815858397,,,,
lonza,1,-0.34920883884660864,0.34920883884660864,42717.26,65638.96769017665,,,,
dimensions specialist recruitment ltd,1,-0.35298416467036237,0.35298416467036237,35000.0,54094.50293000699,,,,
equals one,1,-0.3608290748095694,0.3608290748095694,28000.0,43806.74854954933,,,,
tameside college,1,-0.3611859008981383,0.3611859008981383,40206.0,62938.49815858397,,,,
waterman group,1,-0.36518425996648585,0.36518425996648585,40202.85,63329.951456272254,,,,
animal free research uk,1,-0.37101156629271564,0.37101156629271564,40000.0,63594.1741634871,,,,
webrecruit,1,-0.37101156629271564,0.37101156629271564,40000.0,63594.1741634871,,,,
caa portas,1,-0.3736003775177853,0.3736003775177853,41682.61,66543.15951664465,,,,
teacheroo,1,-0.3741711170045149,0.3741711170045149,39388.73,62938.49815858397,,,,
homerun carpenter,1,-0.3760763688572595,0.3760763688572595,36527.07,58544.13613585888,,,,
homerun plumber,1,-0.3800603716181634,0.3800603716181634,36293.83,58544.13613585888,,,,
iris,1,-0.3874178582581635,0.3874178582581635,38555.0,62938.49815858397,,,,
dotmatics,1,-0.39016450658482926,0.39016450658482926,38311.81,62823.18824286216,,,,
aws emea sarl  - f93,1,-0.3965763294394229,0.3965763294394229,38374.23,63594.1741634871,,,,
natter,1,-0.40208229827541775,0.40208229827541775,42961.28,71851.49373582048,,,,
homerun man with a van,1,-0.4064389314865035,0.4064389314865035,34749.52,58544.13613585888,,,,
carnall farrar,1,-0.4128816053587356,0.4128816053587356,36952.35,62938.49815858397,,,,
linjer,1,-0.4164237449708394,0.4164237449708394,37112.05,63594.1741634871,,,,
quickline communications,1,-0.42013516043314836,0.42013516043314836,36579.18,63082.252111240225,,,,
eurofins uk pss,1,-0.42046662905595084,0.42046662905595084,36474.96,62938.49815858397,,,,
everlinked ltd,1,-0.42237690660494887,0.42237690660494887,36354.73,62938.49815858397,,,,
lj recruitment limited,1,-0.43194144799556067,0.43194144799556067,28000.0,49290.69354065667,,,,
gail's,1,-0.43745821892377007,0.43745821892377007,35774.38,63594.1741634871,,,,
speechmatics,1,-0.4530893102308686,0.4530893102308686,39296.35,71851.49373582048,,,,
pythia sports,1,-0.46406027946620615,0.46406027946620615,35178.53,65638.96769017665,,,,
pertemps scotland,1,-0.4689259995403739,0.4689259995403739,33425.0,62938.49815858397,,,,
loomis uk ltd,1,-0.4827150591184359,0.4827150591184359,30284.0,58544.13613585888,,,,
enorth staffing limited,1,-0.4900335179006762,0.4900335179006762,32111.03,62966.942195518415,,,,
marchant recruitment,1,-0.5047798897033414,0.5047798897033414,31168.41,62938.49815858397,,,,
rockstar games,1,-0.5097421943203511,0.5097421943203511,30856.09,62938.49815858397,,,,
honeycomb jobs limited,1,-0.5118959854311677,0.5118959854311677,27393.0,56121.234782708474,,,,
dohe europe ltd,1,-0.5224693168384599,0.5224693168384599,30000.0,62823.18824286216,,,,
bloom & wild group,1,-0.5226004608043475,0.5226004608043475,34301.87,71851.49373582048,,,,
alexander mae  ltd,1,-0.5244304222509759,0.5244304222509759,30000.0,63082.252111240225,,,,
sgs,1,-0.5293578175607702,0.5293578175607702,27553.34,58544.13613585888,,,,
route to market,1,-0.5302689250349025,0.5302689250349025,27500.0,58544.13613585888,,,,
1st central,1,-0.5331032538152141,0.5331032538152141,29385.78,62938.49815858397,,,,
cambridge ocr,1,-0.5383219029273736,0.5383219029273736,29004.09,62823.18824286216,,,,
sartorius stedim,1,-0.5388094900342679,0.5388094900342679,27000.0,58544.13613585888,,,,
epcc,1,-0.5640903294058318,0.5640903294058318,27435.5,62938.49815858397,,,,
pearson,1,-0.6123739269476457,0.6123739269476457,24650.76,63594.1741634871,,,,
stroke,1,-0.6135268816821959,0.6135268816821959,25475.0,65916.61565203982,,,,
